file,class,name,verdict,message,errors_in_stacktrace,errors_in_system_err,type,num,test_to_be_run,order
,test_flaky,test_not_flaky,Passed,NO MESSAGE,,,,0,test_flaky.py,same
,test_flaky,test_concurrency,Failed,"assert 90573 == 100000
  +90573
  -100000",['test_flaky.py:53: AssertionError'],,,0,test_flaky.py,same
,test_flaky,test_floating_point_operation,Failed,"assert 0.30000000000000004 == 0.3
  +0.30000000000000004
  -0.3",['test_flaky.py:57: AssertionError'],,,0,test_flaky.py,same
,test_flaky,test_random,Passed,NO MESSAGE,,,,0,test_flaky.py,same
,test_flaky,test_time,Failed,"assert 1 == 0
  +1
  -0",['test_flaky.py:66: AssertionError'],,,0,test_flaky.py,same
,test_flaky,test_network_remote_connection_failure,Passed,NO MESSAGE,,,,0,test_flaky.py,same
,test_flaky,test_io,Passed,NO MESSAGE,,,,0,test_flaky.py,same
,test_flaky,test_numpy_random,Failed,"assert 0 == 1
  +0
  -1",['test_flaky.py:84: AssertionError'],,,0,test_flaky.py,same
,test_flaky,test_unordered_collections,Passed,NO MESSAGE,,,,0,test_flaky.py,same
,test_flaky,test_numeric_operation_32bit,Passed,NO MESSAGE,,,,0,test_flaky.py,same
,test_flaky,test_numeric_operation_64bit,Failed,"assert np.int64(-9223372036854775808) == 9223372036854775808
  +np.int64(-9223372036854775808)
  -9223372036854775808","['        a = np.array([2 ** 63 - 1], dtype=int) + 1  # Windows: Overflow Error', '>       assert a[0] == ref  # Linux: Assertion Error', 'test_flaky.py:111: AssertionError']",,,0,test_flaky.py,same
,test_flaky,test_memory_usage,Failed,"assert 54 == 30
  +54
  -30",['test_flaky.py:115: AssertionError'],,,0,test_flaky.py,same
,test_flaky,test_victim,Passed,NO MESSAGE,,,,0,test_flaky.py,same
,test_flaky,test_polluter,Passed,NO MESSAGE,,,,0,test_flaky.py,same
